x_test,p_true,p_mid,p_va,p0,p1,width,u_cal,bootstrap_sd
-2.0,0.10000491533968178,0.023529411764705882,0.0449438202247191,-0.0,0.047058823529411764,0.047058823529411764,0.03288180512199114,0.006935889994513539
-1.9919839679358717,0.10000515752468461,0.023529411764705882,0.0449438202247191,-0.0,0.047058823529411764,0.047058823529411764,0.03288180512199114,0.006935889994513539
-1.9839679358717435,0.1000054116423681,0.023529411764705882,0.0449438202247191,-0.0,0.047058823529411764,0.047058823529411764,0.03288180512199114,0.006935889994513539
-1.9759519038076152,0.10000567828065843,0.023529411764705882,0.0449438202247191,-0.0,0.047058823529411764,0.047058823529411764,0.03288180512199114,0.006935889994513539
-1.967935871743487,0.10000595805644816,0.023529411764705882,0.0449438202247191,-0.0,0.047058823529411764,0.047058823529411764,0.03288180512199114,0.006935889994513539
-1.9599198396793587,0.10000625161702337,0.023529411764705882,0.0449438202247191,-0.0,0.047058823529411764,0.047058823529411764,0.03288180512199114,0.006935889994513539
-1.9519038076152304,0.10000655964156102,0.06259936406995231,0.07819087773093139,0.04411764705882353,0.08108108108108109,0.03696343402225755,0.04657294901422905,0.018796602215960825
-1.9438877755511021,0.10000688284270004,0.06259936406995231,0.07819087773093139,0.04411764705882353,0.08108108108108109,0.03696343402225755,0.04657294901422905,0.018796602215960825
-1.9358717434869739,0.10000722196818985,0.02531645569620253,0.048192771084337345,-0.0,0.05063291139240506,0.05063291139240506,0.035346768793784435,0.008606062152851267
-1.9278557114228456,0.10000757780262007,0.02531645569620253,0.048192771084337345,-0.0,0.05063291139240506,0.05063291139240506,0.035346768793784435,0.008606062152851267
-1.9198396793587174,0.1000079511692354,0.02564102564102564,0.048780487804878044,-0.0,0.05128205128205128,0.05128205128205128,0.03579397130523655,0.008780379250457108
-1.911823647294589,0.10000834293184001,0.02564102564102564,0.048780487804878044,-0.0,0.05128205128205128,0.05128205128205128,0.03579397130523655,0.008780379250457108
-1.9038076152304608,0.10000875399679554,0.16666666666666669,0.1875,0.13333333333333333,0.2,0.06666666666666668,0.09622504486493764,0.05154500918454335
-1.8957915831663326,0.10000918531511774,0.16666666666666669,0.1875,0.13333333333333333,0.2,0.06666666666666668,0.09622504486493764,0.05154500918454335
-1.8877755511022045,0.10000963788467615,0.05330882352941177,0.06137184115523465,0.04411764705882353,0.0625,0.018382352941176468,0.030458202092267617,0.01901504185619744
-1.8797595190380763,0.10001011275250234,0.05330882352941177,0.06137184115523465,0.04411764705882353,0.0625,0.018382352941176468,0.030458202092267617,0.01901504185619744
-1.871743486973948,0.10001061101721165,0.07569444444444445,0.08660351826792964,0.0625,0.08888888888888889,0.026388888888888892,0.04296851423117759,0.022390153360726025
-1.8637274549098197,0.10001113383154435,0.07569444444444445,0.08660351826792964,0.0625,0.08888888888888889,0.026388888888888892,0.04296851423117759,0.022390153360726025
-1.8557114228456915,0.10001168240503183,0.07291666666666666,0.0816326530612245,0.0625,0.08333333333333333,0.02083333333333333,0.03752771930766889,0.023797997869986716
-1.8476953907815632,0.10001225800679427,0.07291666666666666,0.0816326530612245,0.0625,0.08333333333333333,0.02083333333333333,0.03752771930766889,0.023797997869986716
-1.839679358717435,0.10001286196847584,0.2111111111111111,0.21739130434782608,0.2,0.2222222222222222,0.0222222222222222,0.06083551774645083,0.05444257037171501
-1.8316633266533067,0.10001349568732472,0.2111111111111111,0.21739130434782608,0.2,0.2222222222222222,0.0222222222222222,0.06083551774645083,0.0545835819687234
-1.8236472945891784,0.10001416062942467,0.2111111111111111,0.21739130434782608,0.2,0.2222222222222222,0.0222222222222222,0.06083551774645083,0.0545835819687234
-1.8156312625250501,0.10001485833308565,0.11350844277673547,0.1423611111111111,0.07317073170731707,0.15384615384615385,0.08067542213883679,0.09009942263664905,0.03031431503939919
-1.8076152304609219,0.10001559041240164,0.11350844277673547,0.1423611111111111,0.07317073170731707,0.15384615384615385,0.08067542213883679,0.09009942263664905,0.03031431503939919
-1.7995991983967936,0.10001635856098345,0.2111111111111111,0.21739130434782608,0.2,0.2222222222222222,0.0222222222222222,0.06083551774645083,0.05449082634895023
-1.7915831663326653,0.10001716455587543,0.2111111111111111,0.21739130434782608,0.2,0.2222222222222222,0.0222222222222222,0.06083551774645083,0.05454892392500221
-1.783567134268537,0.10001801026166507,0.2111111111111111,0.21739130434782608,0.2,0.2222222222222222,0.0222222222222222,0.06083551774645083,0.05454892392500221
-1.7755511022044088,0.10001889763479478,0.2515151515151515,0.27472527472527475,0.2,0.30303030303030304,0.10303030303030303,0.13926951767355034,0.04903245691125859
-1.7675350701402806,0.10001982872808629,0.2515151515151515,0.27472527472527475,0.2,0.30303030303030304,0.10303030303030303,0.13926951767355034,0.04903245691125859
-1.7595190380761523,0.10002080569548742,0.08536585365853658,0.09523809523809523,0.07317073170731707,0.0975609756097561,0.024390243902439032,0.04363890764759432,0.02856390613361725
-1.751503006012024,0.1000218307970529,0.08536585365853658,0.09523809523809523,0.07317073170731707,0.0975609756097561,0.024390243902439032,0.04363890764759432,0.02856390613361725
-1.7434869739478958,0.10002290640417014,0.05330882352941177,0.06137184115523465,0.04411764705882353,0.0625,0.018382352941176468,0.030458202092267617,0.018660043486129537
-1.7354709418837675,0.10002403500504241,0.05330882352941177,0.06137184115523465,0.04411764705882353,0.0625,0.018382352941176468,0.030458202092267617,0.018660043486129537
-1.7274549098196392,0.1000252192104419,0.07291666666666666,0.0816326530612245,0.0625,0.08333333333333333,0.02083333333333333,0.03752771930766889,0.023354419370346678
-1.719438877755511,0.10002646175974599,0.07291666666666666,0.0816326530612245,0.0625,0.08333333333333333,0.02083333333333333,0.03752771930766889,0.023354419370346678
-1.711422845691383,0.1000277655272706,0.08536585365853658,0.09523809523809523,0.07317073170731707,0.0975609756097561,0.024390243902439032,0.04363890764759432,0.029684473718535793
-1.7034068136272547,0.10002913352891535,0.08536585365853658,0.09523809523809523,0.07317073170731707,0.0975609756097561,0.024390243902439032,0.04363890764759432,0.029684473718535793
-1.6953907815631264,0.10003056892913567,0.08536585365853658,0.09523809523809523,0.07317073170731707,0.0975609756097561,0.024390243902439032,0.04363890764759432,0.029684473718535793
-1.6873747494989981,0.10003207504825817,0.07291666666666666,0.0816326530612245,0.0625,0.08333333333333333,0.02083333333333333,0.03752771930766889,0.022031974120387925
-1.6793587174348699,0.1000336553701559,0.07291666666666666,0.0816326530612245,0.0625,0.08333333333333333,0.02083333333333333,0.03752771930766889,0.022031974120387925
-1.6713426853707416,0.10003531355030143,0.07291666666666666,0.0816326530612245,0.0625,0.08333333333333333,0.02083333333333333,0.03752771930766889,0.022031974120387925
-1.6633266533066133,0.10003705342421607,0.07291666666666666,0.0816326530612245,0.0625,0.08333333333333333,0.02083333333333333,0.03752771930766889,0.022031974120387925
-1.655310621242485,0.1000388790163349,0.07291666666666666,0.0816326530612245,0.0625,0.08333333333333333,0.02083333333333333,0.03752771930766889,0.022164031315567382
-1.6472945891783568,0.10004079454930799,0.07291666666666666,0.0816326530612245,0.0625,0.08333333333333333,0.02083333333333333,0.03752771930766889,0.022164031315567382
-1.6392785571142285,0.10004280445375911,0.10801393728222997,0.1335504885993485,0.07317073170731707,0.14285714285714285,0.06968641114982578,0.08193943826088959,0.029586895347607473
-1.6312625250501003,0.10004491337852453,0.07291666666666666,0.0816326530612245,0.0625,0.08333333333333333,0.02083333333333333,0.03752771930766889,0.022565301695621685
-1.623246492985972,0.10004712620139553,0.07291666666666666,0.0816326530612245,0.0625,0.08333333333333333,0.02083333333333333,0.03752771930766889,0.022565301695621685
-1.6152304609218437,0.1000494480403892,0.05330882352941177,0.06137184115523465,0.04411764705882353,0.0625,0.018382352941176468,0.030458202092267617,0.019928104574887234
-1.6072144288577155,0.10005188426557361,0.05330882352941177,0.06137184115523465,0.04411764705882353,0.0625,0.018382352941176468,0.030458202092267617,0.019928104574887234
-1.5991983967935872,0.1000544405114744,0.05330882352941177,0.06137184115523465,0.04411764705882353,0.0625,0.018382352941176468,0.030458202092267617,0.019928104574887234
-1.591182364729459,0.10005712269009148,0.06372549019607843,0.08018867924528301,0.04411764705882353,0.08333333333333333,0.039215686274509796,0.04837133817334715,0.019145372630786674
-1.5831663326653307,0.1000599370045558,0.06372549019607843,0.08018867924528301,0.04411764705882353,0.08333333333333333,0.039215686274509796,0.04837133817334715,0.019145372630786674
-1.5751503006012024,0.10006288996345734,0.06372549019607843,0.08018867924528301,0.04411764705882353,0.08333333333333333,0.039215686274509796,0.04837133817334715,0.019145372630786674
-1.5671342685370742,0.10006598839587752,0.08536585365853658,0.09523809523809523,0.07317073170731707,0.0975609756097561,0.024390243902439032,0.04363890764759432,0.02935629774843165
-1.559118236472946,0.10006923946716043,0.08536585365853658,0.09523809523809523,0.07317073170731707,0.0975609756097561,0.024390243902439032,0.04363890764759432,0.02935629774843165
-1.5511022044088176,0.1000726506954591,0.08536585365853658,0.09523809523809523,0.07317073170731707,0.0975609756097561,0.024390243902439032,0.04363890764759432,0.02935629774843165
-1.5430861723446894,0.10007622996909486,0.08536585365853658,0.09523809523809523,0.07317073170731707,0.0975609756097561,0.024390243902439032,0.04363890764759432,0.02935629774843165
-1.535070140280561,0.10007998556476957,0.08536585365853658,0.09523809523809523,0.07317073170731707,0.0975609756097561,0.024390243902439032,0.04363890764759432,0.02935629774843165
-1.5270541082164328,0.10008392616667253,0.08536585365853658,0.09523809523809523,0.07317073170731707,0.0975609756097561,0.024390243902439032,0.04363890764759432,0.02935629774843165
-1.5190380761523046,0.10008806088652576,0.051470588235294115,0.057971014492753624,0.04411764705882353,0.058823529411764705,0.014705882352941173,0.02679479942462686,0.021568186428220674
-1.5110220440881763,0.10009239928461398,0.051470588235294115,0.057971014492753624,0.04411764705882353,0.058823529411764705,0.014705882352941173,0.02679479942462686,0.021568186428220674
-1.503006012024048,0.10009695139184681,0.051470588235294115,0.057971014492753624,0.04411764705882353,0.058823529411764705,0.014705882352941173,0.02679479942462686,0.021568186428220674
-1.4949899799599198,0.10010172773290439,0.051470588235294115,0.057971014492753624,0.04411764705882353,0.058823529411764705,0.014705882352941173,0.02679479942462686,0.021568186428220674
-1.4869739478957915,0.10010673935051892,0.051470588235294115,0.057971014492753624,0.04411764705882353,0.058823529411764705,0.014705882352941173,0.02679479942462686,0.021568186428220674
-1.4789579158316633,0.1001119978309479,0.051470588235294115,0.057971014492753624,0.04411764705882353,0.058823529411764705,0.014705882352941173,0.02679479942462686,0.021568186428220674
-1.470941883767535,0.10011751533069715,0.051470588235294115,0.057971014492753624,0.04411764705882353,0.058823529411764705,0.014705882352941173,0.02679479942462686,0.021568186428220674
-1.4629258517034067,0.10012330460455485,0.051470588235294115,0.057971014492753624,0.04411764705882353,0.058823529411764705,0.014705882352941173,0.02679479942462686,0.021568186428220674
-1.4549098196392785,0.10012937903500038,0.051470588235294115,0.057971014492753624,0.04411764705882353,0.058823529411764705,0.014705882352941173,0.02679479942462686,0.021568186428220674
-1.4468937875751502,0.10013575266305522,0.05777310924369748,0.06952965235173823,0.04411764705882353,0.07142857142857142,0.027310924369747892,0.03855749559811531,0.018157097584910933
-1.438877755511022,0.10014244022064625,0.05777310924369748,0.06952965235173823,0.04411764705882353,0.07142857142857142,0.027310924369747892,0.03855749559811531,0.018157097584910933
-1.4308617234468939,0.10014945716455512,0.05777310924369748,0.06952965235173823,0.04411764705882353,0.07142857142857142,0.027310924369747892,0.03855749559811531,0.018157097584910933
-1.4228456913827656,0.10015681971203097,0.05777310924369748,0.06952965235173823,0.04411764705882353,0.07142857142857142,0.027310924369747892,0.03855749559811531,0.018157097584910933
-1.4148296593186374,0.10016454487814766,0.05777310924369748,0.06952965235173823,0.04411764705882353,0.07142857142857142,0.027310924369747892,0.03855749559811531,0.018157097584910933
-1.406813627254509,0.10017265051499022,0.05330882352941177,0.06137184115523465,0.04411764705882353,0.0625,0.018382352941176468,0.030458202092267617,0.020462215070378
-1.3987975951903808,0.10018115535275968,0.05330882352941177,0.06137184115523465,0.04411764705882353,0.0625,0.018382352941176468,0.030458202092267617,0.020462215070378
-1.3907815631262526,0.10019007904288947,0.05330882352941177,0.06137184115523465,0.04411764705882353,0.0625,0.018382352941176468,0.030458202092267617,0.020462215070378
-1.3827655310621243,0.1001994422032711,0.05330882352941177,0.06137184115523465,0.04411764705882353,0.0625,0.018382352941176468,0.030458202092267617,0.020462215070378
-1.374749498997996,0.10020926646569155,0.07291666666666666,0.0816326530612245,0.0625,0.08333333333333333,0.02083333333333333,0.03752771930766889,0.02328912380685597
-1.3667334669338678,0.10021957452558972,0.07291666666666666,0.0816326530612245,0.0625,0.08333333333333333,0.02083333333333333,0.03752771930766889,0.02328912380685597
-1.3587174348697395,0.10023039019424429,0.07291666666666666,0.0816326530612245,0.0625,0.08333333333333333,0.02083333333333333,0.03752771930766889,0.02328912380685597
-1.3507014028056112,0.1002417384535107,0.07291666666666666,0.0816326530612245,0.0625,0.08333333333333333,0.02083333333333333,0.03752771930766889,0.02328912380685597
-1.342685370741483,0.10025364551323086,0.05330882352941177,0.06137184115523465,0.04411764705882353,0.0625,0.018382352941176468,0.030458202092267617,0.0183988088285428
-1.3346693386773547,0.10026613887144449,0.05330882352941177,0.06137184115523465,0.04411764705882353,0.0625,0.018382352941176468,0.030458202092267617,0.0183988088285428
-1.3266533066132267,0.10027924737753763,0.05330882352941177,0.06137184115523465,0.04411764705882353,0.0625,0.018382352941176468,0.030458202092267617,0.021029796764460092
-1.3186372745490984,0.10029300129847013,0.05330882352941177,0.06137184115523465,0.04411764705882353,0.0625,0.018382352941176468,0.030458202092267617,0.021029796764460092
-1.3106212424849701,0.10030743238823027,0.05330882352941177,0.06137184115523465,0.04411764705882353,0.0625,0.018382352941176468,0.030458202092267617,0.021029796764460092
-1.3026052104208419,0.1003225739606722,0.05330882352941177,0.06137184115523465,0.04411764705882353,0.0625,0.018382352941176468,0.030458202092267617,0.021029796764460092
-1.2945891783567136,0.1003384609658987,0.062058823529411763,0.07722884724588303,0.04411764705882353,0.08,0.03588235294117647,0.04570145500994974,0.01868302884322504
-1.2865731462925853,0.10035513007035964,0.054667519181585675,0.06386975579211021,0.04411764705882353,0.06521739130434782,0.021099744245524292,0.03302140658894523,0.018302153765324836
-1.278557114228457,0.10037261974084451,0.054667519181585675,0.06386975579211021,0.04411764705882353,0.06521739130434782,0.021099744245524292,0.03302140658894523,0.018302153765324836
-1.2705410821643288,0.10039097033255542,0.054667519181585675,0.06386975579211021,0.04411764705882353,0.06521739130434782,0.021099744245524292,0.03302140658894523,0.018302153765324836
-1.2625250501002006,0.10041022418145594,0.054667519181585675,0.06386975579211021,0.04411764705882353,0.06521739130434782,0.021099744245524292,0.03302140658894523,0.018302153765324836
-1.2545090180360723,0.10043042570109985,0.054667519181585675,0.06386975579211021,0.04411764705882353,0.06521739130434782,0.021099744245524292,0.03302140658894523,0.018302153765324836
-1.246492985971944,0.10045162148415376,0.051470588235294115,0.057971014492753624,0.04411764705882353,0.058823529411764705,0.014705882352941173,0.02679479942462686,0.020496538808981335
-1.2384769539078158,0.10047386040883699,0.051470588235294115,0.057971014492753624,0.04411764705882353,0.058823529411764705,0.014705882352941173,0.02679479942462686,0.020496538808981335
-1.2304609218436875,0.10049719375051218,0.051470588235294115,0.057971014492753624,0.04411764705882353,0.058823529411764705,0.014705882352941173,0.02679479942462686,0.020496538808981335
-1.2224448897795592,0.10052167529867159,0.051470588235294115,0.057971014492753624,0.04411764705882353,0.058823529411764705,0.014705882352941173,0.02679479942462686,0.020496538808981335
-1.214428857715431,0.10054736147957401,0.06052036199095023,0.07447973713033954,0.04411764705882353,0.07692307692307693,0.032805429864253395,0.04318841947030989,0.01843373973228557
-1.2064128256513027,0.10057431148479971,0.06052036199095023,0.07447973713033954,0.04411764705882353,0.07692307692307693,0.032805429864253395,0.04318841947030989,0.01843373973228557
-1.1983967935871744,0.10060258740600243,0.06003350707371556,0.07360635035179505,0.04411764705882353,0.0759493670886076,0.031831720029784065,0.0423821610019637,0.01832063907982143
-1.1903807615230462,0.10063225437614974,0.05330882352941177,0.06137184115523465,0.04411764705882353,0.0625,0.018382352941176468,0.030458202092267617,0.01964007110696298
-1.182364729458918,0.10066338071755664,0.05330882352941177,0.06137184115523465,0.04411764705882353,0.0625,0.018382352941176468,0.030458202092267617,0.01964007110696298
-1.1743486973947896,0.10069603809703033,0.05330882352941177,0.06137184115523465,0.04411764705882353,0.0625,0.018382352941176468,0.030458202092267617,0.020027261172569956
-1.1663326653306614,0.10073030168845803,0.05330882352941177,0.06137184115523465,0.04411764705882353,0.0625,0.018382352941176468,0.030458202092267617,0.020027261172569956
-1.1583166332665331,0.10076625034318472,0.07291666666666666,0.0816326530612245,0.0625,0.08333333333333333,0.02083333333333333,0.03752771930766889,0.023354419370346678
-1.1503006012024048,0.10080396676854207,0.07291666666666666,0.0816326530612245,0.0625,0.08333333333333333,0.02083333333333333,0.03752771930766889,0.023354419370346678
-1.1422845691382766,0.10084353771490621,0.07291666666666666,0.0816326530612245,0.0625,0.08333333333333333,0.02083333333333333,0.03752771930766889,0.023354419370346678
-1.1342685370741483,0.1008850541716773,0.07472826086956522,0.08488063660477453,0.0625,0.08695652173913043,0.024456521739130432,0.041122019221722095,0.022109442035641625
-1.12625250501002,0.10092861157259132,0.02857142857142857,0.05405405405405405,-0.0,0.05714285714285714,0.05714285714285714,0.0398246887106954,0.009789291701509936
-1.1182364729458918,0.10097431001079125,0.02857142857142857,0.05405405405405405,-0.0,0.05714285714285714,0.05714285714285714,0.0398246887106954,0.009789291701509936
-1.1102204408817635,0.10102225446410286,0.02666666666666667,0.05063291139240507,-0.0,0.05333333333333334,0.05333333333333334,0.03720613250925574,0.009286491597095823
-1.1022044088176353,0.10107255503097856,0.02666666666666667,0.05063291139240507,-0.0,0.05333333333333334,0.05333333333333334,0.03720613250925574,0.009286491597095823
-1.094188376753507,0.10112532717759207,0.02666666666666667,0.05063291139240507,-0.0,0.05333333333333334,0.05333333333333334,0.03720613250925574,0.009286491597095823
-1.0861723446893787,0.10118069199658547,0.02666666666666667,0.05063291139240507,-0.0,0.05333333333333334,0.05333333333333334,0.03720613250925574,0.009286491597095823
-1.0781563126252505,0.10123877647799097,0.08536585365853658,0.09523809523809523,0.07317073170731707,0.0975609756097561,0.024390243902439032,0.04363890764759432,0.027779267003456967
-1.0701402805611222,0.10129971379286958,0.08536585365853658,0.09523809523809523,0.07317073170731707,0.0975609756097561,0.024390243902439032,0.04363890764759432,0.027779267003456967
-1.062124248496994,0.10136364359023055,0.08536585365853658,0.09523809523809523,0.07317073170731707,0.0975609756097561,0.024390243902439032,0.04363890764759432,0.027779267003456967
-1.0541082164328657,0.10143071230781643,0.08536585365853658,0.09523809523809523,0.07317073170731707,0.0975609756097561,0.024390243902439032,0.04363890764759432,0.027779267003456967
-1.0460921843687374,0.10150107349736073,0.08536585365853658,0.09523809523809523,0.07317073170731707,0.0975609756097561,0.024390243902439032,0.04363890764759432,0.027779267003456967
-1.0380761523046091,0.10157488816494782,0.08536585365853658,0.09523809523809523,0.07317073170731707,0.0975609756097561,0.024390243902439032,0.04363890764759432,0.027779267003456967
-1.0300601202404809,0.10165232512712695,0.16666666666666669,0.1875,0.13333333333333333,0.2,0.06666666666666668,0.09622504486493764,0.04970014828806065
-1.0220440881763528,0.10173356138345564,0.16666666666666669,0.1875,0.13333333333333333,0.2,0.06666666666666668,0.09622504486493764,0.04970014828806065
-1.0140280561122246,0.10181878250617109,0.16666666666666669,0.1875,0.13333333333333333,0.2,0.06666666666666668,0.09622504486493764,0.04970014828806065
-1.0060120240480963,0.10190818304771107,0.16666666666666669,0.1875,0.13333333333333333,0.2,0.06666666666666668,0.09622504486493764,0.04970014828806065
-0.997995991983968,0.10200196696683053,0.16666666666666669,0.1875,0.13333333333333333,0.2,0.06666666666666668,0.09622504486493764,0.04970014828806065
-0.9899799599198398,0.10210034807408218,0.16666666666666669,0.1875,0.13333333333333333,0.2,0.06666666666666668,0.09622504486493764,0.04970014828806065
-0.9819639278557115,0.10220355049745418,0.08536585365853658,0.09523809523809523,0.07317073170731707,0.0975609756097561,0.024390243902439032,0.04363890764759432,0.028113698908735482
-0.9739478957915833,0.10231180916898036,0.08536585365853658,0.09523809523809523,0.07317073170731707,0.0975609756097561,0.024390243902439032,0.04363890764759432,0.028113698908735482
-0.965931863727455,0.10242537033316153,0.08536585365853658,0.09523809523809523,0.07317073170731707,0.0975609756097561,0.024390243902439032,0.04363890764759432,0.028113698908735482
-0.9579158316633267,0.10254449207805873,0.12545454545454546,0.14965986394557823,0.09090909090909091,0.16,0.06909090909090909,0.08706524924357151,0.03956870631191916
-0.9498997995991985,0.1026694448899408,0.12545454545454546,0.14965986394557823,0.09090909090909091,0.16,0.06909090909090909,0.08706524924357151,0.03956870631191916
-0.9418837675350702,0.10280051223238916,0.16666666666666669,0.1875,0.13333333333333333,0.2,0.06666666666666668,0.09622504486493764,0.05154500918454335
-0.9338677354709419,0.10293799115078231,0.16666666666666669,0.1875,0.13333333333333333,0.2,0.06666666666666668,0.09622504486493764,0.05154500918454335
-0.9258517034068137,0.10308219290310029,0.16666666666666669,0.1875,0.13333333333333333,0.2,0.06666666666666668,0.09622504486493764,0.05154500918454335
-0.9178356713426854,0.10323344361800621,0.05330882352941177,0.06137184115523465,0.04411764705882353,0.0625,0.018382352941176468,0.030458202092267617,0.020157793176030683
-0.9098196392785571,0.10339208498117537,0.05330882352941177,0.06137184115523465,0.04411764705882353,0.0625,0.018382352941176468,0.030458202092267617,0.020157793176030683
-0.9018036072144289,0.10355847495085539,0.05330882352941177,0.06137184115523465,0.04411764705882353,0.0625,0.018382352941176468,0.030458202092267617,0.020157793176030683
-0.8937875751503006,0.10373298850364884,0.08536585365853658,0.09523809523809523,0.07317073170731707,0.0975609756097561,0.024390243902439032,0.04363890764759432,0.028550670652787137
-0.8857715430861723,0.1039160184115168,0.08536585365853658,0.09523809523809523,0.07317073170731707,0.0975609756097561,0.024390243902439032,0.04363890764759432,0.028550670652787137
-0.8777555110220441,0.10410797605100273,0.08536585365853658,0.09523809523809523,0.07317073170731707,0.0975609756097561,0.024390243902439032,0.04363890764759432,0.028550670652787137
-0.869739478957916,0.10430929224567523,0.08536585365853658,0.09523809523809523,0.07317073170731707,0.0975609756097561,0.024390243902439032,0.04363890764759432,0.028932039958278238
-0.8617234468937878,0.1045204181427802,0.08536585365853658,0.09523809523809523,0.07317073170731707,0.0975609756097561,0.024390243902439032,0.04363890764759432,0.028932039958278238
-0.8537074148296595,0.10474182612508122,0.07291666666666666,0.0816326530612245,0.0625,0.08333333333333333,0.02083333333333333,0.03752771930766889,0.022565301695621685
-0.8456913827655312,0.1049740107588481,0.07291666666666666,0.0816326530612245,0.0625,0.08333333333333333,0.02083333333333333,0.03752771930766889,0.022565301695621685
-0.837675350701403,0.10521748977892788,0.07291666666666666,0.0816326530612245,0.0625,0.08333333333333333,0.02083333333333333,0.03752771930766889,0.022565301695621685
-0.8296593186372747,0.10547280511179925,0.05330882352941177,0.06137184115523465,0.04411764705882353,0.0625,0.018382352941176468,0.030458202092267617,0.0202396002492202
-0.8216432865731464,0.1057405239374691,0.05330882352941177,0.06137184115523465,0.04411764705882353,0.0625,0.018382352941176468,0.030458202092267617,0.0202396002492202
-0.8136272545090182,0.10602123979101791,0.05330882352941177,0.06137184115523465,0.04411764705882353,0.0625,0.018382352941176468,0.030458202092267617,0.0202396002492202
-0.8056112224448899,0.1063155737045376,0.05330882352941177,0.06137184115523465,0.04411764705882353,0.0625,0.018382352941176468,0.030458202092267617,0.0202396002492202
-0.7975951903807617,0.10662417539013103,0.05330882352941177,0.06137184115523465,0.04411764705882353,0.0625,0.018382352941176468,0.030458202092267617,0.0202396002492202
-0.7895791583166334,0.10694772446455295,0.07291666666666666,0.0816326530612245,0.0625,0.08333333333333333,0.02083333333333333,0.03752771930766889,0.02328912380685597
-0.7815631262525051,0.10728693171597,0.07291666666666666,0.0816326530612245,0.0625,0.08333333333333333,0.02083333333333333,0.03752771930766889,0.02328912380685597
-0.7735470941883769,0.10764254041319703,0.17304964539007092,0.19710906701708278,0.13333333333333333,0.2127659574468085,0.07943262411347518,0.1066165268331517,0.043787055497437104
-0.7655310621242486,0.10801532765762961,0.17304964539007092,0.19710906701708278,0.13333333333333333,0.2127659574468085,0.07943262411347518,0.1066165268331517,0.043787055497437104
-0.7575150300601203,0.1084061057779354,0.17304964539007092,0.19710906701708278,0.13333333333333333,0.2127659574468085,0.07943262411347518,0.1066165268331517,0.043787055497437104
-0.7494989979959921,0.10881572376738775,0.17304964539007092,0.19710906701708278,0.13333333333333333,0.2127659574468085,0.07943262411347518,0.1066165268331517,0.043787055497437104
-0.7414829659318638,0.10924506876352232,0.17304964539007092,0.19710906701708278,0.13333333333333333,0.2127659574468085,0.07943262411347518,0.1066165268331517,0.043787055497437104
-0.7334669338677355,0.10969506756956869,0.07291666666666666,0.0816326530612245,0.0625,0.08333333333333333,0.02083333333333333,0.03752771930766889,0.02384621709673347
-0.7254509018036073,0.11016668821685248,0.07291666666666666,0.0816326530612245,0.0625,0.08333333333333333,0.02083333333333333,0.03752771930766889,0.02384621709673347
-0.717434869739479,0.11066094156707547,0.06372549019607843,0.08018867924528301,0.04411764705882353,0.08333333333333333,0.039215686274509796,0.04837133817334715,0.019145372630786674
-0.7094188376753507,0.11117888295306115,0.06372549019607843,0.08018867924528301,0.04411764705882353,0.08333333333333333,0.039215686274509796,0.04837133817334715,0.019145372630786674
-0.7014028056112225,0.11172161385619603,0.06372549019607843,0.08018867924528301,0.04411764705882353,0.08333333333333333,0.039215686274509796,0.04837133817334715,0.019145372630786674
-0.6933867735470942,0.11229028361840188,0.08658536585365853,0.09738717339667459,0.07317073170731707,0.1,0.026829268292682937,0.046063893669822,0.02736017227173565
-0.685370741482966,0.11288609118603654,0.08658536585365853,0.09738717339667459,0.07317073170731707,0.1,0.026829268292682937,0.046063893669822,0.02736017227173565
-0.6773547094188377,0.1135102868826391,0.08658536585365853,0.09738717339667459,0.07317073170731707,0.1,0.026829268292682937,0.046063893669822,0.02736017227173565
-0.6693386773547094,0.1141641742069048,0.08658536585365853,0.09738717339667459,0.07317073170731707,0.1,0.026829268292682937,0.046063893669822,0.02736017227173565
-0.6613226452905814,0.11484911165169315,0.08658536585365853,0.09738717339667459,0.07317073170731707,0.1,0.026829268292682937,0.046063893669822,0.02736017227173565
-0.6533066132264531,0.11556651453923697,0.08658536585365853,0.09738717339667459,0.07317073170731707,0.1,0.026829268292682937,0.046063893669822,0.02736017227173565
-0.6452905811623248,0.11631785686702462,0.08658536585365853,0.09738717339667459,0.07317073170731707,0.1,0.026829268292682937,0.046063893669822,0.02736017227173565
-0.6372745490981966,0.11710467315807285,0.08536585365853658,0.09523809523809523,0.07317073170731707,0.0975609756097561,0.024390243902439032,0.04363890764759432,0.02952545818874351
-0.6292585170340683,0.11792856030848586,0.08536585365853658,0.09523809523809523,0.07317073170731707,0.0975609756097561,0.024390243902439032,0.04363890764759432,0.02952545818874351
-0.6212424849699401,0.11879117942430806,0.08536585365853658,0.09523809523809523,0.07317073170731707,0.0975609756097561,0.024390243902439032,0.04363890764759432,0.02952545818874351
-0.6132264529058118,0.11969425763871824,0.08536585365853658,0.09523809523809523,0.07317073170731707,0.0975609756097561,0.024390243902439032,0.04363890764759432,0.029660831268243253
-0.6052104208416835,0.12063958989957892,0.08536585365853658,0.09523809523809523,0.07317073170731707,0.0975609756097561,0.024390243902439032,0.04363890764759432,0.029660831268243253
-0.5971943887775553,0.12162904071624497,0.08536585365853658,0.09523809523809523,0.07317073170731707,0.0975609756097561,0.024390243902439032,0.04363890764759432,0.029660831268243253
-0.589178356713427,0.12266454585334777,0.08536585365853658,0.09523809523809523,0.07317073170731707,0.0975609756097561,0.024390243902439032,0.04363890764759432,0.029660831268243253
-0.5811623246492987,0.12374811395800209,0.08536585365853658,0.09523809523809523,0.07317073170731707,0.0975609756097561,0.024390243902439032,0.04363890764759432,0.029660831268243253
-0.5731462925851705,0.12488182810553558,0.08536585365853658,0.09523809523809523,0.07317073170731707,0.0975609756097561,0.024390243902439032,0.04363890764759432,0.029660831268243253
-0.5651302605210422,0.12606784724740971,0.2111111111111111,0.21739130434782608,0.2,0.2222222222222222,0.0222222222222222,0.06083551774645083,0.053864184994382086
-0.5571142284569139,0.12730840754349307,0.2111111111111111,0.21739130434782608,0.2,0.2222222222222222,0.0222222222222222,0.06083551774645083,0.053864184994382086
-0.5490981963927857,0.12860582355925976,0.2111111111111111,0.21739130434782608,0.2,0.2222222222222222,0.0222222222222222,0.06083551774645083,0.05400983642093814
-0.5410821643286574,0.12996248930682544,0.2111111111111111,0.21739130434782608,0.2,0.2222222222222222,0.0222222222222222,0.06083551774645083,0.05400983642093814
-0.5330661322645291,0.1313808791070018,0.2111111111111111,0.21739130434782608,0.2,0.2222222222222222,0.0222222222222222,0.06083551774645083,0.05400983642093814
-0.5250501002004009,0.13286354824775787,0.2111111111111111,0.21739130434782608,0.2,0.2222222222222222,0.0222222222222222,0.06083551774645083,0.05502177571608607
-0.5170340681362726,0.1344131334126293,0.2111111111111111,0.21739130434782608,0.2,0.2222222222222222,0.0222222222222222,0.06083551774645083,0.05502177571608607
-0.5090180360721444,0.13603235285072768,0.2111111111111111,0.21739130434782608,0.2,0.2222222222222222,0.0222222222222222,0.06083551774645083,0.05502177571608607
-0.5010020040080161,0.13772400625808356,0.2111111111111111,0.21739130434782608,0.2,0.2222222222222222,0.0222222222222222,0.06083551774645083,0.05502177571608607
-0.4929859719438878,0.13949097433812693,0.10801393728222997,0.1335504885993485,0.07317073170731707,0.14285714285714285,0.06968641114982578,0.08193943826088959,0.029586895347607473
-0.48496993987975956,0.141336218007187,0.12545454545454546,0.14965986394557823,0.09090909090909091,0.16,0.06909090909090909,0.08706524924357151,0.04280204556220833
-0.4769539078156313,0.14326277720900155,0.12545454545454546,0.14965986394557823,0.09090909090909091,0.16,0.06909090909090909,0.08706524924357151,0.04280204556220833
-0.46893787575150303,0.14527376930039565,0.12545454545454546,0.14965986394557823,0.09090909090909091,0.16,0.06909090909090909,0.08706524924357151,0.04280204556220833
-0.460921843687375,0.14737238696854574,0.12545454545454546,0.14965986394557823,0.09090909090909091,0.16,0.06909090909090909,0.08706524924357151,0.04280204556220833
-0.4529058116232467,0.14956189563863112,0.12545454545454546,0.14965986394557823,0.09090909090909091,0.16,0.06909090909090909,0.08706524924357151,0.04280204556220833
-0.44488977955911846,0.151845630329225,0.2111111111111111,0.21739130434782608,0.2,0.2222222222222222,0.0222222222222222,0.06083551774645083,0.053917148930234846
-0.4368737474949902,0.15422699191154018,0.2111111111111111,0.21739130434782608,0.2,0.2222222222222222,0.0222222222222222,0.06083551774645083,0.053917148930234846
-0.42885771543086193,0.15670944272767112,0.2111111111111111,0.21739130434782608,0.2,0.2222222222222222,0.0222222222222222,0.06083551774645083,0.053917148930234846
-0.42084168336673367,0.15929650152231598,0.2111111111111111,0.21739130434782608,0.2,0.2222222222222222,0.0222222222222222,0.06083551774645083,0.055409449247154276
-0.4128256513026054,0.16199173764218577,0.2111111111111111,0.21739130434782608,0.2,0.2222222222222222,0.0222222222222222,0.06083551774645083,0.055409449247154276
-0.40480961923847714,0.16479876445747327,0.2111111111111111,0.21739130434782608,0.2,0.2222222222222222,0.0222222222222222,0.06083551774645083,0.055409449247154276
-0.39679358717434887,0.16772123196043282,0.2111111111111111,0.21739130434782608,0.2,0.2222222222222222,0.0222222222222222,0.06083551774645083,0.055409449247154276
-0.3887775551102206,0.17076281849739025,0.2111111111111111,0.21739130434782608,0.2,0.2222222222222222,0.0222222222222222,0.06083551774645083,0.05454892392500221
-0.38076152304609234,0.17392722159243196,0.2111111111111111,0.21739130434782608,0.2,0.2222222222222222,0.0222222222222222,0.06083551774645083,0.05454892392500221
-0.3727454909819641,0.17721814782369805,0.2111111111111111,0.21739130434782608,0.2,0.2222222222222222,0.0222222222222222,0.06083551774645083,0.05441311284738662
-0.3647294589178358,0.18063930171670284,0.2111111111111111,0.21739130434782608,0.2,0.2222222222222222,0.0222222222222222,0.06083551774645083,0.05441311284738662
-0.35671342685370755,0.18419437362351088,0.2111111111111111,0.21739130434782608,0.2,0.2222222222222222,0.0222222222222222,0.06083551774645083,0.054396245051635914
-0.3486973947895793,0.18788702656198164,0.2111111111111111,0.21739130434782608,0.2,0.2222222222222222,0.0222222222222222,0.06083551774645083,0.054396245051635914
-0.340681362725451,0.1917208819957405,0.07886904761904762,0.09221902017291064,0.0625,0.09523809523809523,0.03273809523809523,0.04876864510399343,0.022633142470326217
-0.33266533066132276,0.19569950454309928,0.08536585365853658,0.09523809523809523,0.07317073170731707,0.0975609756097561,0.024390243902439032,0.04363890764759432,0.028513177297993752
-0.3246492985971945,0.19982638561189853,0.08536585365853658,0.09523809523809523,0.07317073170731707,0.0975609756097561,0.024390243902439032,0.04363890764759432,0.028513177297993752
-0.3166332665330662,0.20410492596721877,0.2111111111111111,0.21739130434782608,0.2,0.2222222222222222,0.0222222222222222,0.06083551774645083,0.050903505798114576
-0.30861723446893796,0.20853841725013936,0.2111111111111111,0.21739130434782608,0.2,0.2222222222222222,0.0222222222222222,0.06083551774645083,0.050903505798114576
-0.3006012024048097,0.2131300224782221,0.3064516129032258,0.3125,0.2903225806451613,0.3225806451612903,0.032258064516129004,0.08280155481091174,0.08057168717747241
-0.29258517034068143,0.21788275557214765,0.3064516129032258,0.3125,0.2903225806451613,0.3225806451612903,0.032258064516129004,0.08280155481091174,0.08057168717747241
-0.28456913827655317,0.22279945996789716,0.2111111111111111,0.21739130434782608,0.2,0.2222222222222222,0.0222222222222222,0.06083551774645083,0.053917148930234846
-0.2765531062124249,0.22788278638997742,0.2111111111111111,0.21739130434782608,0.2,0.2222222222222222,0.0222222222222222,0.06083551774645083,0.053917148930234846
-0.26853707414829664,0.23313516987832983,0.2111111111111111,0.21739130434782608,0.2,0.2222222222222222,0.0222222222222222,0.06083551774645083,0.053780735860591594
-0.2605210420841684,0.23855880617959724,0.2111111111111111,0.21739130434782608,0.2,0.2222222222222222,0.0222222222222222,0.06083551774645083,0.053780735860591594
-0.25250501002004033,0.2441556276321627,0.2111111111111111,0.21739130434782608,0.2,0.2222222222222222,0.0222222222222222,0.06083551774645083,0.05444257037171501
-0.24448897795591207,0.24992727869359627,0.2111111111111111,0.21739130434782608,0.2,0.2222222222222222,0.0222222222222222,0.06083551774645083,0.05355062333141067
-0.2364729458917838,0.2558750912785678,0.2111111111111111,0.21739130434782608,0.2,0.2222222222222222,0.0222222222222222,0.06083551774645083,0.05355062333141067
-0.22845691382765554,0.26200006009460686,0.3064516129032258,0.3125,0.2903225806451613,0.3225806451612903,0.032258064516129004,0.08280155481091174,0.08057168717747241
-0.22044088176352727,0.2683028181819287,0.3064516129032258,0.3125,0.2903225806451613,0.3225806451612903,0.032258064516129004,0.08280155481091174,0.08057168717747241
-0.212424849699399,0.2747836128815241,0.30414746543778803,0.31111111111111106,0.2857142857142857,0.3225806451612903,0.036866359447004615,0.08833154651063599,0.07333063041868738
-0.20440881763527075,0.28144228247237124,0.30414746543778803,0.31111111111111106,0.2857142857142857,0.3225806451612903,0.036866359447004615,0.08833154651063599,0.07333063041868738
-0.19639278557114248,0.28827823373351935,0.30414746543778803,0.31111111111111106,0.2857142857142857,0.3225806451612903,0.036866359447004615,0.08833154651063599,0.07333063041868738
-0.18837675350701422,0.29529042069941436,0.30414746543778803,0.31111111111111106,0.2857142857142857,0.3225806451612903,0.036866359447004615,0.08833154651063599,0.07333063041868738
-0.18036072144288595,0.302477324886701,0.3064516129032258,0.3125,0.2903225806451613,0.3225806451612903,0.032258064516129004,0.08280155481091174,0.0806249843366467
-0.1723446893787577,0.3098369372773302,0.3064516129032258,0.3125,0.2903225806451613,0.3225806451612903,0.032258064516129004,0.08280155481091174,0.0806249843366467
-0.16432865731462942,0.3173667423456672,0.3064516129032258,0.3125,0.2903225806451613,0.3225806451612903,0.032258064516129004,0.08280155481091174,0.0806249843366467
-0.15631262525050116,0.32506370441595084,0.3064516129032258,0.3125,0.2903225806451613,0.3225806451612903,0.032258064516129004,0.08280155481091174,0.0806249843366467
-0.1482965931863729,0.3329242566305336,0.3064516129032258,0.3125,0.2903225806451613,0.3225806451612903,0.032258064516129004,0.08280155481091174,0.07585179394152744
-0.14028056112224463,0.3409442927984716,0.3064516129032258,0.3125,0.2903225806451613,0.3225806451612903,0.032258064516129004,0.08280155481091174,0.07585179394152744
-0.13226452905811636,0.34911916237799434,0.3064516129032258,0.3125,0.2903225806451613,0.3225806451612903,0.032258064516129004,0.08280155481091174,0.07585179394152744
-0.1242484969939881,0.3574436688250152,0.3064516129032258,0.3125,0.2903225806451613,0.3225806451612903,0.032258064516129004,0.08280155481091174,0.07670530390413366
-0.11623246492985984,0.3659120715131037,0.3064516129032258,0.3125,0.2903225806451613,0.3225806451612903,0.032258064516129004,0.08280155481091174,0.07670530390413366
-0.10821643286573157,0.37451809139833225,0.3064516129032258,0.3125,0.2903225806451613,0.3225806451612903,0.032258064516129004,0.08280155481091174,0.07670530390413366
-0.1002004008016033,0.38325492056536115,0.30414746543778803,0.31111111111111106,0.2857142857142857,0.3225806451612903,0.036866359447004615,0.08833154651063599,0.06731976964795856
-0.09218436873747504,0.39211523574941654,0.30414746543778803,0.31111111111111106,0.2857142857142857,0.3225806451612903,0.036866359447004615,0.08833154651063599,0.06731976964795856
-0.08416833667334678,0.4010912158829808,0.3064516129032258,0.3125,0.2903225806451613,0.3225806451612903,0.032258064516129004,0.08280155481091174,0.08057168717747241
-0.07615230460921851,0.41017456366671723,0.3064516129032258,0.3125,0.2903225806451613,0.3225806451612903,0.032258064516129004,0.08280155481091174,0.08057168717747241
-0.06813627254509025,0.4193565311122017,0.3064516129032258,0.3125,0.2903225806451613,0.3225806451612903,0.032258064516129004,0.08280155481091174,0.08057168717747241
-0.060120240480961984,0.4286279489503614,0.3064516129032258,0.3125,0.2903225806451613,0.3225806451612903,0.032258064516129004,0.08280155481091174,0.08057168717747241
-0.05210420841683372,0.4379792597451595,0.5576923076923077,0.5555555555555556,0.5384615384615384,0.5769230769230769,0.038461538461538436,0.097403126950504,0.09298246488381026
-0.04408817635270568,0.4474005544980998,0.5576923076923077,0.5555555555555556,0.5384615384615384,0.5769230769230769,0.038461538461538436,0.097403126950504,0.09298246488381026
-0.03607214428857741,0.4568816124767425,0.5576923076923077,0.5555555555555556,0.5384615384615384,0.5769230769230769,0.038461538461538436,0.097403126950504,0.09397981027989943
-0.028056112224449148,0.4664119439507378,0.5576923076923077,0.5555555555555556,0.5384615384615384,0.5769230769230769,0.038461538461538436,0.097403126950504,0.09397981027989943
-0.020040080160320883,0.4759808354730998,0.5576923076923077,0.5555555555555556,0.5384615384615384,0.5769230769230769,0.038461538461538436,0.097403126950504,0.09420601672474946
-0.012024048096192619,0.4855773973035761,0.5576923076923077,0.5555555555555556,0.5384615384615384,0.5769230769230769,0.038461538461538436,0.097403126950504,0.09420601672474946
-0.004008016032064354,0.4951906125360671,0.5384615384615384,0.5357142857142857,0.5,0.5769230769230769,0.07692307692307687,0.1382641591189103,0.11414234126102424
0.00400801603206391,0.5048093874639323,0.5384615384615384,0.5357142857142857,0.5,0.5769230769230769,0.07692307692307687,0.1382641591189103,0.1062242853536216
0.012024048096192175,0.5144226026964235,0.5384615384615384,0.5357142857142857,0.5,0.5769230769230769,0.07692307692307687,0.1382641591189103,0.1062242853536216
0.02004008016032044,0.5240191645268998,0.5576923076923077,0.5555555555555556,0.5384615384615384,0.5769230769230769,0.038461538461538436,0.097403126950504,0.09450236412594022
0.028056112224448704,0.5335880560492616,0.5576923076923077,0.5555555555555556,0.5384615384615384,0.5769230769230769,0.038461538461538436,0.097403126950504,0.09450236412594022
0.03607214428857697,0.5431183875232569,0.5576923076923077,0.5555555555555556,0.5384615384615384,0.5769230769230769,0.038461538461538436,0.097403126950504,0.09450236412594022
0.04408817635270523,0.5525994455018995,0.5576923076923077,0.5555555555555556,0.5384615384615384,0.5769230769230769,0.038461538461538436,0.097403126950504,0.09450236412594022
0.0521042084168335,0.5620207402548403,0.5576923076923077,0.5555555555555556,0.5384615384615384,0.5769230769230769,0.038461538461538436,0.097403126950504,0.09450236412594022
0.06012024048096176,0.5713720510496384,0.5576923076923077,0.5555555555555556,0.5384615384615384,0.5769230769230769,0.038461538461538436,0.097403126950504,0.09282583354070023
0.06813627254509003,0.580643468887798,0.5576923076923077,0.5555555555555556,0.5384615384615384,0.5769230769230769,0.038461538461538436,0.097403126950504,0.09282583354070023
0.07615230460921829,0.5898254363332824,0.5576923076923077,0.5555555555555556,0.5384615384615384,0.5769230769230769,0.038461538461538436,0.097403126950504,0.09282583354070023
0.08416833667334656,0.598908784117019,0.6812865497076024,0.6448598130841121,0.5555555555555556,0.8070175438596491,0.2514619883040935,0.23366909472034608,0.06890915853339942
0.09218436873747482,0.6078847642505832,0.5576923076923077,0.5555555555555556,0.5384615384615384,0.5769230769230769,0.038461538461538436,0.097403126950504,0.096985793131292
0.10020040080160308,0.6167450794346385,0.5576923076923077,0.5555555555555556,0.5384615384615384,0.5769230769230769,0.038461538461538436,0.097403126950504,0.096985793131292
0.10821643286573135,0.6254819086016675,0.5576923076923077,0.5555555555555556,0.5384615384615384,0.5769230769230769,0.038461538461538436,0.097403126950504,0.096985793131292
0.11623246492985961,0.6340879284868961,0.7606516290726817,0.7385321100917431,0.7142857142857143,0.8070175438596491,0.09273182957393478,0.12993392330440776,0.0801455880195369
0.12424849699398788,0.6425563311749845,0.7606516290726817,0.7385321100917431,0.7142857142857143,0.8070175438596491,0.09273182957393478,0.12993392330440776,0.0801455880195369
0.13226452905811614,0.6508808376220054,0.7606516290726817,0.7385321100917431,0.7142857142857143,0.8070175438596491,0.09273182957393478,0.12993392330440776,0.0801455880195369
0.1402805611222444,0.6590557072015282,0.7982456140350878,0.793103448275862,0.7894736842105263,0.8070175438596491,0.01754385964912275,0.05315478122259211,0.05404776956302532
0.14829659318637267,0.6670757433694662,0.7982456140350878,0.793103448275862,0.7894736842105263,0.8070175438596491,0.01754385964912275,0.05315478122259211,0.05404776956302532
0.15631262525050094,0.674936295584049,0.7982456140350878,0.793103448275862,0.7894736842105263,0.8070175438596491,0.01754385964912275,0.05315478122259211,0.05352259452065705
0.1643286573146292,0.6826332576543326,0.7982456140350878,0.793103448275862,0.7894736842105263,0.8070175438596491,0.01754385964912275,0.05315478122259211,0.05352259452065705
0.17234468937875747,0.6901630627226696,0.7982456140350878,0.793103448275862,0.7894736842105263,0.8070175438596491,0.01754385964912275,0.05315478122259211,0.05352259452065705
0.18036072144288573,0.6975226751132989,0.7982456140350878,0.793103448275862,0.7894736842105263,0.8070175438596491,0.01754385964912275,0.05315478122259211,0.05523542409123067
0.188376753507014,0.7047095793005854,0.7982456140350878,0.793103448275862,0.7894736842105263,0.8070175438596491,0.01754385964912275,0.05315478122259211,0.05523542409123067
0.19639278557114226,0.7117217662664805,0.7982456140350878,0.793103448275862,0.7894736842105263,0.8070175438596491,0.01754385964912275,0.05315478122259211,0.05523542409123067
0.20440881763527052,0.7185577175276285,0.7982456140350878,0.793103448275862,0.7894736842105263,0.8070175438596491,0.01754385964912275,0.05315478122259211,0.05523542409123067
0.2124248496993988,0.7252163871184758,0.7982456140350878,0.793103448275862,0.7894736842105263,0.8070175438596491,0.01754385964912275,0.05315478122259211,0.05523542409123067
0.22044088176352705,0.7316971818180711,0.7982456140350878,0.793103448275862,0.7894736842105263,0.8070175438596491,0.01754385964912275,0.05315478122259211,0.05234235130443971
0.22845691382765532,0.737999939905393,0.7982456140350878,0.793103448275862,0.7894736842105263,0.8070175438596491,0.01754385964912275,0.05315478122259211,0.05298513025078623
0.23647294589178358,0.744124908721432,0.7982456140350878,0.793103448275862,0.7894736842105263,0.8070175438596491,0.01754385964912275,0.05315478122259211,0.05298513025078623
0.24448897795591185,0.7500727213064037,0.8137254901960784,0.8018867924528301,0.7941176470588235,0.8333333333333334,0.03921568627450989,0.07709843893570588,0.04340315759835536
0.2525050100200401,0.7558443723678371,0.8137254901960784,0.8018867924528301,0.7941176470588235,0.8333333333333334,0.03921568627450989,0.07709843893570588,0.04340315759835536
0.26052104208416793,0.7614411938204025,0.7982456140350878,0.793103448275862,0.7894736842105263,0.8070175438596491,0.01754385964912275,0.05315478122259211,0.048720136747835666
0.2685370741482962,0.76686483012167,0.7982456140350878,0.793103448275862,0.7894736842105263,0.8070175438596491,0.01754385964912275,0.05315478122259211,0.048720136747835666
0.27655310621242446,0.7721172136100224,0.7982456140350878,0.793103448275862,0.7894736842105263,0.8070175438596491,0.01754385964912275,0.05315478122259211,0.048720136747835666
0.2845691382765527,0.7772005400321026,0.7982456140350878,0.793103448275862,0.7894736842105263,0.8070175438596491,0.01754385964912275,0.05315478122259211,0.048720136747835666
0.292585170340681,0.782117244427852,0.8776595744680851,0.873684210526316,0.8723404255319149,0.8829787234042553,0.010638297872340385,0.03379746399471865,0.028322483510521097
0.30060120240480925,0.7868699775217777,0.8776595744680851,0.873684210526316,0.8723404255319149,0.8829787234042553,0.010638297872340385,0.03379746399471865,0.028322483510521097
0.3086172344689375,0.7914615827498604,0.8776595744680851,0.873684210526316,0.8723404255319149,0.8829787234042553,0.010638297872340385,0.03379746399471865,0.028322483510521097
0.3166332665330658,0.7958950740327809,0.8776595744680851,0.873684210526316,0.8723404255319149,0.8829787234042553,0.010638297872340385,0.03379746399471865,0.028322483510521097
0.32464929859719405,0.8001736143881012,0.7982456140350878,0.793103448275862,0.7894736842105263,0.8070175438596491,0.01754385964912275,0.05315478122259211,0.052414679646619694
0.3326653306613223,0.8043004954569005,0.7982456140350878,0.793103448275862,0.7894736842105263,0.8070175438596491,0.01754385964912275,0.05315478122259211,0.052414679646619694
0.3406813627254506,0.8082791180042593,0.7982456140350878,0.793103448275862,0.7894736842105263,0.8070175438596491,0.01754385964912275,0.05315478122259211,0.05122547123359743
0.34869739478957884,0.8121129734380182,0.7982456140350878,0.793103448275862,0.7894736842105263,0.8070175438596491,0.01754385964912275,0.05315478122259211,0.05122547123359743
0.3567134268537071,0.8158056263764889,0.7982456140350878,0.793103448275862,0.7894736842105263,0.8070175438596491,0.01754385964912275,0.05315478122259211,0.05352259452065705
0.36472945891783537,0.8193606982832969,0.7982456140350878,0.793103448275862,0.7894736842105263,0.8070175438596491,0.01754385964912275,0.05315478122259211,0.05352259452065705
0.37274549098196363,0.8227818521763018,0.7982456140350878,0.793103448275862,0.7894736842105263,0.8070175438596491,0.01754385964912275,0.05315478122259211,0.04688730487059396
0.3807615230460919,0.8260727784075678,0.8137254901960784,0.8018867924528301,0.7941176470588235,0.8333333333333334,0.03921568627450989,0.07709843893570588,0.04294271836278783
0.38877755511022016,0.8292371815026095,0.8137254901960784,0.8018867924528301,0.7941176470588235,0.8333333333333334,0.03921568627450989,0.07709843893570588,0.04294271836278783
0.3967935871743484,0.832278768039567,0.7982456140350878,0.793103448275862,0.7894736842105263,0.8070175438596491,0.01754385964912275,0.05315478122259211,0.05032890422482902
0.4048096192384767,0.8352012355425267,0.7982456140350878,0.793103448275862,0.7894736842105263,0.8070175438596491,0.01754385964912275,0.05315478122259211,0.05032890422482902
0.41282565130260496,0.838008262357814,0.7982456140350878,0.793103448275862,0.7894736842105263,0.8070175438596491,0.01754385964912275,0.05315478122259211,0.047068176284964555
0.4208416833667332,0.8407034984776839,0.7982456140350878,0.793103448275862,0.7894736842105263,0.8070175438596491,0.01754385964912275,0.05315478122259211,0.047068176284964555
0.4288577154308615,0.8432905572723287,0.7982456140350878,0.793103448275862,0.7894736842105263,0.8070175438596491,0.01754385964912275,0.05315478122259211,0.05352259452065705
0.43687374749498975,0.8457730080884597,0.7982456140350878,0.793103448275862,0.7894736842105263,0.8070175438596491,0.01754385964912275,0.05315478122259211,0.05352259452065705
0.444889779559118,0.8481543696707748,0.7606516290726817,0.7385321100917431,0.7142857142857143,0.8070175438596491,0.09273182957393478,0.12993392330440776,0.07863059771128353
0.4529058116232463,0.8504381043613688,0.7606516290726817,0.7385321100917431,0.7142857142857143,0.8070175438596491,0.09273182957393478,0.12993392330440776,0.07863059771128353
0.46092184368737454,0.8526276130314543,0.7982456140350878,0.793103448275862,0.7894736842105263,0.8070175438596491,0.01754385964912275,0.05315478122259211,0.05234235130443971
0.4689378757515028,0.8547262306996044,0.7982456140350878,0.793103448275862,0.7894736842105263,0.8070175438596491,0.01754385964912275,0.05315478122259211,0.05234235130443971
0.4769539078156311,0.8567372227909984,0.8756998880179172,0.8703090507726269,0.868421052631579,0.8829787234042553,0.014557670772676334,0.039806991286430525,0.03030529650919311
0.48496993987975934,0.858663781992813,0.8756998880179172,0.8703090507726269,0.868421052631579,0.8829787234042553,0.014557670772676334,0.039806991286430525,0.03030529650919311
0.4929859719438876,0.8605090256618729,0.7982456140350878,0.793103448275862,0.7894736842105263,0.8070175438596491,0.01754385964912275,0.05315478122259211,0.05231849861642639
0.5010020040080159,0.8622759937419165,0.7982456140350878,0.793103448275862,0.7894736842105263,0.8070175438596491,0.01754385964912275,0.05315478122259211,0.05231849861642639
0.5090180360721441,0.8639676471492723,0.7982456140350878,0.793103448275862,0.7894736842105263,0.8070175438596491,0.01754385964912275,0.05315478122259211,0.05085720638267589
0.5170340681362724,0.8655868665873706,0.7982456140350878,0.793103448275862,0.7894736842105263,0.8070175438596491,0.01754385964912275,0.05315478122259211,0.05085720638267589
0.5250501002004007,0.8671364517522421,0.7982456140350878,0.793103448275862,0.7894736842105263,0.8070175438596491,0.01754385964912275,0.05315478122259211,0.05085720638267589
0.5330661322645289,0.8686191208929981,0.7982456140350878,0.793103448275862,0.7894736842105263,0.8070175438596491,0.01754385964912275,0.05315478122259211,0.05085720638267589
0.5410821643286572,0.8700375106931747,0.7982456140350878,0.793103448275862,0.7894736842105263,0.8070175438596491,0.01754385964912275,0.05315478122259211,0.05085720638267589
0.5490981963927855,0.8713941764407402,0.8776595744680851,0.873684210526316,0.8723404255319149,0.8829787234042553,0.010638297872340385,0.03379746399471865,0.028899892085810668
0.5571142284569137,0.872691592456507,0.8776595744680851,0.873684210526316,0.8723404255319149,0.8829787234042553,0.010638297872340385,0.03379746399471865,0.028899892085810668
0.565130260521042,0.8739321527525903,0.8776595744680851,0.873684210526316,0.8723404255319149,0.8829787234042553,0.010638297872340385,0.03379746399471865,0.028899892085810668
0.5731462925851702,0.8751181718944644,0.7982456140350878,0.793103448275862,0.7894736842105263,0.8070175438596491,0.01754385964912275,0.05315478122259211,0.047597653148556074
0.5811623246492985,0.8762518860419978,0.7982456140350878,0.793103448275862,0.7894736842105263,0.8070175438596491,0.01754385964912275,0.05315478122259211,0.047597653148556074
0.5891783567134268,0.8773354541466523,0.7982456140350878,0.793103448275862,0.7894736842105263,0.8070175438596491,0.01754385964912275,0.05315478122259211,0.047597653148556074
0.597194388777555,0.878370959283755,0.7982456140350878,0.793103448275862,0.7894736842105263,0.8070175438596491,0.01754385964912275,0.05315478122259211,0.049400027837039014
0.6052104208416833,0.879360410100421,0.7982456140350878,0.793103448275862,0.7894736842105263,0.8070175438596491,0.01754385964912275,0.05315478122259211,0.049400027837039014
0.6132264529058116,0.8803057423612818,0.8645662847790507,0.8516179952644041,0.8461538461538461,0.8829787234042553,0.03682487725040917,0.06566488647644186,0.03780931991115097
0.6212424849699398,0.8812088205756918,0.8645662847790507,0.8516179952644041,0.8461538461538461,0.8829787234042553,0.03682487725040917,0.06566488647644186,0.03780931991115097
0.6292585170340681,0.8820714396915141,0.8645662847790507,0.8516179952644041,0.8461538461538461,0.8829787234042553,0.03682487725040917,0.06566488647644186,0.03780931991115097
0.6372745490981964,0.8828953268419272,0.8776595744680851,0.873684210526316,0.8723404255319149,0.8829787234042553,0.010638297872340385,0.03379746399471865,0.029212923040182685
0.6452905811623246,0.8836821431329754,0.8776595744680851,0.873684210526316,0.8723404255319149,0.8829787234042553,0.010638297872340385,0.03379746399471865,0.029212923040182685
0.6533066132264529,0.8844334854607631,0.8776595744680851,0.873684210526316,0.8723404255319149,0.8829787234042553,0.010638297872340385,0.03379746399471865,0.029212923040182685
0.6613226452905812,0.8851508883483069,0.8776595744680851,0.873684210526316,0.8723404255319149,0.8829787234042553,0.010638297872340385,0.03379746399471865,0.029212923040182685
0.669338677354709,0.8858358257930952,0.8776595744680851,0.873684210526316,0.8723404255319149,0.8829787234042553,0.010638297872340385,0.03379746399471865,0.029212923040182685
0.6773547094188372,0.8864897131173609,0.8776595744680851,0.873684210526316,0.8723404255319149,0.8829787234042553,0.010638297872340385,0.03379746399471865,0.029140622141877785
0.6853707414829655,0.8871139088139633,0.8776595744680851,0.873684210526316,0.8723404255319149,0.8829787234042553,0.010638297872340385,0.03379746399471865,0.029140622141877785
0.6933867735470938,0.887709716381598,0.8776595744680851,0.873684210526316,0.8723404255319149,0.8829787234042553,0.010638297872340385,0.03379746399471865,0.029140622141877785
0.701402805611222,0.8882783861438039,0.8776595744680851,0.873684210526316,0.8723404255319149,0.8829787234042553,0.010638297872340385,0.03379746399471865,0.029140622141877785
0.7094188376753503,0.8888211170469388,0.8739217941345601,0.8672691330132732,0.8648648648648649,0.8829787234042553,0.018113858539390404,0.04467471400325132,0.034714810017822034
0.7174348697394786,0.8893390584329245,0.8739217941345601,0.8672691330132732,0.8648648648648649,0.8829787234042553,0.018113858539390404,0.04467471400325132,0.034714810017822034
0.7254509018036068,0.8898333117831475,0.8739217941345601,0.8672691330132732,0.8648648648648649,0.8829787234042553,0.018113858539390404,0.04467471400325132,0.034714810017822034
0.7334669338677351,0.8903049324304313,0.8739217941345601,0.8672691330132732,0.8648648648648649,0.8829787234042553,0.018113858539390404,0.04467471400325132,0.034714810017822034
0.7414829659318634,0.8907549312364778,0.8756998880179172,0.8703090507726269,0.868421052631579,0.8829787234042553,0.014557670772676334,0.039806991286430525,0.03030529650919311
0.7494989979959916,0.8911842762326123,0.8756998880179172,0.8703090507726269,0.868421052631579,0.8829787234042553,0.014557670772676334,0.039806991286430525,0.03030529650919311
0.7575150300601199,0.8915938942220646,0.8137254901960784,0.8018867924528301,0.7941176470588235,0.8333333333333334,0.03921568627450989,0.07709843893570588,0.04455473131702744
0.7655310621242482,0.8919846723423704,0.8137254901960784,0.8018867924528301,0.7941176470588235,0.8333333333333334,0.03921568627450989,0.07709843893570588,0.04455473131702744
0.7735470941883764,0.892357459586803,0.8137254901960784,0.8018867924528301,0.7941176470588235,0.8333333333333334,0.03921568627450989,0.07709843893570588,0.04455473131702744
0.7815631262525047,0.89271306828403,0.7982456140350878,0.793103448275862,0.7894736842105263,0.8070175438596491,0.01754385964912275,0.05315478122259211,0.05108744567858236
0.789579158316633,0.8930522755354472,0.7982456140350878,0.793103448275862,0.7894736842105263,0.8070175438596491,0.01754385964912275,0.05315478122259211,0.05108744567858236
0.7975951903807612,0.893375824609869,0.8739217941345601,0.8672691330132732,0.8648648648648649,0.8829787234042553,0.018113858539390404,0.04467471400325132,0.03441485016562349
0.8056112224448895,0.8936844262954624,0.8739217941345601,0.8672691330132732,0.8648648648648649,0.8829787234042553,0.018113858539390404,0.04467471400325132,0.03441485016562349
0.8136272545090177,0.893978760208982,0.8739217941345601,0.8672691330132732,0.8648648648648649,0.8829787234042553,0.018113858539390404,0.04467471400325132,0.03441485016562349
0.821643286573146,0.8942594760625309,0.8776595744680851,0.873684210526316,0.8723404255319149,0.8829787234042553,0.010638297872340385,0.03379746399471865,0.029394068185721052
0.8296593186372743,0.8945271948882008,0.8776595744680851,0.873684210526316,0.8723404255319149,0.8829787234042553,0.010638297872340385,0.03379746399471865,0.029394068185721052
0.8376753507014025,0.8947825102210721,0.8776595744680851,0.873684210526316,0.8723404255319149,0.8829787234042553,0.010638297872340385,0.03379746399471865,0.029394068185721052
0.8456913827655308,0.895025989241152,0.8776595744680851,0.873684210526316,0.8723404255319149,0.8829787234042553,0.010638297872340385,0.03379746399471865,0.029394068185721052
0.8537074148296591,0.8952581738749189,0.7982456140350878,0.793103448275862,0.7894736842105263,0.8070175438596491,0.01754385964912275,0.05315478122259211,0.05242260420712534
0.8617234468937873,0.8954795818572198,0.7982456140350878,0.793103448275862,0.7894736842105263,0.8070175438596491,0.01754385964912275,0.05315478122259211,0.05242260420712534
0.8697394789579156,0.8956907077543249,0.7982456140350878,0.793103448275862,0.7894736842105263,0.8070175438596491,0.01754385964912275,0.05315478122259211,0.05242260420712534
0.8777555110220439,0.8958920239489973,0.7982456140350878,0.793103448275862,0.7894736842105263,0.8070175438596491,0.01754385964912275,0.05315478122259211,0.05234235130443971
0.8857715430861721,0.8960839815884832,0.7982456140350878,0.793103448275862,0.7894736842105263,0.8070175438596491,0.01754385964912275,0.05315478122259211,0.05234235130443971
0.8937875751503004,0.8962670114963511,0.7982456140350878,0.793103448275862,0.7894736842105263,0.8070175438596491,0.01754385964912275,0.05315478122259211,0.05234235130443971
0.9018036072144286,0.8964415250491446,0.8581560283687943,0.8412162162162162,0.8333333333333334,0.8829787234042553,0.049645390070921946,0.0777370460988957,0.036474035557962754
0.9098196392785569,0.8966079150188245,0.8581560283687943,0.8412162162162162,0.8333333333333334,0.8829787234042553,0.049645390070921946,0.0777370460988957,0.036474035557962754
0.9178356713426852,0.8967665563819937,0.8137254901960784,0.8018867924528301,0.7941176470588235,0.8333333333333334,0.03921568627450989,0.07709843893570588,0.04340315759835536
0.9258517034068134,0.8969178070968996,0.8137254901960784,0.8018867924528301,0.7941176470588235,0.8333333333333334,0.03921568627450989,0.07709843893570588,0.04340315759835536
0.9338677354709417,0.8970620088492177,0.8137254901960784,0.8018867924528301,0.7941176470588235,0.8333333333333334,0.03921568627450989,0.07709843893570588,0.04340315759835536
0.94188376753507,0.8971994877676107,0.8739217941345601,0.8672691330132732,0.8648648648648649,0.8829787234042553,0.018113858539390404,0.04467471400325132,0.034503917251506894
0.9498997995991982,0.8973305551100593,0.8739217941345601,0.8672691330132732,0.8648648648648649,0.8829787234042553,0.018113858539390404,0.04467471400325132,0.034503917251506894
0.9579158316633265,0.8974555079219414,0.8776595744680851,0.873684210526316,0.8723404255319149,0.8829787234042553,0.010638297872340385,0.03379746399471865,0.028971469934905306
0.9659318637274548,0.8975746296668385,0.8776595744680851,0.873684210526316,0.8723404255319149,0.8829787234042553,0.010638297872340385,0.03379746399471865,0.028971469934905306
0.973947895791583,0.8976881908310197,0.8776595744680851,0.873684210526316,0.8723404255319149,0.8829787234042553,0.010638297872340385,0.03379746399471865,0.02837839042033616
0.9819639278557113,0.8977964495025458,0.8916666666666666,0.8852459016393444,0.8833333333333333,0.9,0.01666666666666672,0.040124228387642666,0.035706737463322535
0.9899799599198396,0.8978996519259178,0.8916666666666666,0.8852459016393444,0.8833333333333333,0.9,0.01666666666666672,0.040124228387642666,0.035706737463322535
0.9979959919839678,0.8979980330331695,0.8916666666666666,0.8852459016393444,0.8833333333333333,0.9,0.01666666666666672,0.040124228387642666,0.03623331667583463
1.006012024048096,0.898091816952289,0.8916666666666666,0.8852459016393444,0.8833333333333333,0.9,0.01666666666666672,0.040124228387642666,0.03623331667583463
1.0140280561122244,0.8981812174938288,0.8776595744680851,0.873684210526316,0.8723404255319149,0.8829787234042553,0.010638297872340385,0.03379746399471865,0.02888248065591889
1.0220440881763526,0.8982664386165443,0.8776595744680851,0.873684210526316,0.8723404255319149,0.8829787234042553,0.010638297872340385,0.03379746399471865,0.02867152706679417
1.0300601202404809,0.898347674872873,0.8776595744680851,0.873684210526316,0.8723404255319149,0.8829787234042553,0.010638297872340385,0.03379746399471865,0.02867152706679417
1.0380761523046091,0.8984251118350521,0.8916666666666666,0.8852459016393444,0.8833333333333333,0.9,0.01666666666666672,0.040124228387642666,0.03138247538754235
1.0460921843687374,0.8984989265026393,0.8916666666666666,0.8852459016393444,0.8833333333333333,0.9,0.01666666666666672,0.040124228387642666,0.03138247538754235
1.0541082164328657,0.8985692876921837,0.8916666666666666,0.8852459016393444,0.8833333333333333,0.9,0.01666666666666672,0.040124228387642666,0.03138247538754235
1.062124248496994,0.8986363564097695,0.8916666666666666,0.8852459016393444,0.8833333333333333,0.9,0.01666666666666672,0.040124228387642666,0.03680765710627831
1.0701402805611222,0.8987002862071304,0.8916666666666666,0.8852459016393444,0.8833333333333333,0.9,0.01666666666666672,0.040124228387642666,0.03680765710627831
1.07815631262525,0.8987612235220092,0.8916666666666666,0.8852459016393444,0.8833333333333333,0.9,0.01666666666666672,0.040124228387642666,0.03680765710627831
1.0861723446893783,0.8988193080034145,0.8916666666666666,0.8852459016393444,0.8833333333333333,0.9,0.01666666666666672,0.040124228387642666,0.03680765710627831
1.0941883767535066,0.8988746728224081,0.8916666666666666,0.8852459016393444,0.8833333333333333,0.9,0.01666666666666672,0.040124228387642666,0.03182721442460542
1.1022044088176348,0.8989274449690214,0.8916666666666666,0.8852459016393444,0.8833333333333333,0.9,0.01666666666666672,0.040124228387642666,0.03182721442460542
1.110220440881763,0.8989777455358973,0.8739217941345601,0.8672691330132732,0.8648648648648649,0.8829787234042553,0.018113858539390404,0.04467471400325132,0.0348636944321805
1.1182364729458913,0.8990256899892087,0.8739217941345601,0.8672691330132732,0.8648648648648649,0.8829787234042553,0.018113858539390404,0.04467471400325132,0.0348636944321805
1.1262525050100196,0.8990713884274087,0.8916666666666666,0.8852459016393444,0.8833333333333333,0.9,0.01666666666666672,0.040124228387642666,0.0300037746203476
1.1342685370741479,0.8991149458283226,0.9444444444444444,0.8999999999999999,0.8888888888888888,1.0,0.11111111111111116,0.07635380788180857,0.015209432674148652
1.1422845691382761,0.8991564622850937,0.9444444444444444,0.8999999999999999,0.8888888888888888,1.0,0.11111111111111116,0.07635380788180857,0.015209432674148652
1.1503006012024044,0.899196033231458,0.9444444444444444,0.8999999999999999,0.8888888888888888,1.0,0.11111111111111116,0.07635380788180857,0.015209432674148652
1.1583166332665327,0.8992337496568154,0.9444444444444444,0.8999999999999999,0.8888888888888888,1.0,0.11111111111111116,0.07635380788180857,0.015209432674148652
1.166332665330661,0.8992696983115419,0.9444444444444444,0.8999999999999999,0.8888888888888888,1.0,0.11111111111111116,0.07635380788180857,0.015209432674148652
1.1743486973947892,0.8993039619029697,0.8776595744680851,0.873684210526316,0.8723404255319149,0.8829787234042553,0.010638297872340385,0.03379746399471865,0.028339237632344232
1.1823647294589175,0.8993366192824434,0.8776595744680851,0.873684210526316,0.8723404255319149,0.8829787234042553,0.010638297872340385,0.03379746399471865,0.028339237632344232
1.1903807615230457,0.8993677456238504,0.8875,0.878048780487805,0.875,0.9,0.025000000000000022,0.049960922229278386,0.026271808147876902
1.198396793587174,0.8993974125939976,0.8875,0.878048780487805,0.875,0.9,0.025000000000000022,0.049960922229278386,0.026271808147876902
1.2064128256513023,0.8994256885152003,0.8875,0.878048780487805,0.875,0.9,0.025000000000000022,0.049960922229278386,0.026271808147876902
1.2144288577154305,0.8994526385204259,0.8776595744680851,0.873684210526316,0.8723404255319149,0.8829787234042553,0.010638297872340385,0.03379746399471865,0.029382315149783195
1.2224448897795588,0.8994783247013285,0.8776595744680851,0.873684210526316,0.8723404255319149,0.8829787234042553,0.010638297872340385,0.03379746399471865,0.029382315149783195
1.230460921843687,0.899502806249488,0.8776595744680851,0.873684210526316,0.8723404255319149,0.8829787234042553,0.010638297872340385,0.03379746399471865,0.029382315149783195
1.2384769539078153,0.899526139591163,0.8776595744680851,0.873684210526316,0.8723404255319149,0.8829787234042553,0.010638297872340385,0.03379746399471865,0.029382315149783195
1.2464929859719436,0.8995483785158463,0.8776595744680851,0.873684210526316,0.8723404255319149,0.8829787234042553,0.010638297872340385,0.03379746399471865,0.029382315149783195
1.2545090180360718,0.8995695742989002,0.8776595744680851,0.873684210526316,0.8723404255319149,0.8829787234042553,0.010638297872340385,0.03379746399471865,0.029382315149783195
1.2625250501002,0.899589775818544,0.8776595744680851,0.873684210526316,0.8723404255319149,0.8829787234042553,0.010638297872340385,0.03379746399471865,0.029382315149783195
1.2705410821643284,0.8996090296674445,0.8916666666666666,0.8852459016393444,0.8833333333333333,0.9,0.01666666666666672,0.040124228387642666,0.03182721442460542
1.2785571142284566,0.8996273802591556,0.8916666666666666,0.8852459016393444,0.8833333333333333,0.9,0.01666666666666672,0.040124228387642666,0.03182721442460542
1.286573146292585,0.8996448699296404,0.8916666666666666,0.8852459016393444,0.8833333333333333,0.9,0.01666666666666672,0.040124228387642666,0.03182721442460542
1.2945891783567132,0.8996615390341013,0.8916666666666666,0.8852459016393444,0.8833333333333333,0.9,0.01666666666666672,0.040124228387642666,0.03182721442460542
1.3026052104208414,0.8996774260393278,0.8916666666666666,0.8852459016393444,0.8833333333333333,0.9,0.01666666666666672,0.040124228387642666,0.03182721442460542
1.3106212424849697,0.8996925676117699,0.8895161290322581,0.8815165876777251,0.8790322580645161,0.9,0.020967741935483897,0.04539439015910251,0.028126671543718073
1.318637274549098,0.8997069987015299,0.8895161290322581,0.8815165876777251,0.8790322580645161,0.9,0.020967741935483897,0.04539439015910251,0.028126671543718073
1.3266533066132262,0.8997207526224623,0.8895161290322581,0.8815165876777251,0.8790322580645161,0.9,0.020967741935483897,0.04539439015910251,0.028126671543718073
1.3346693386773545,0.8997338611285556,0.8895161290322581,0.8815165876777251,0.8790322580645161,0.9,0.020967741935483897,0.04539439015910251,0.028126671543718073
1.3426853707414828,0.8997463544867692,0.8895161290322581,0.8815165876777251,0.8790322580645161,0.9,0.020967741935483897,0.04539439015910251,0.028126671543718073
1.350701402805611,0.8997582615464892,0.8895161290322581,0.8815165876777251,0.8790322580645161,0.9,0.020967741935483897,0.04539439015910251,0.028126671543718073
1.3587174348697393,0.8997696098057558,0.8916666666666666,0.8852459016393444,0.8833333333333333,0.9,0.01666666666666672,0.040124228387642666,0.029190299226777135
1.3667334669338675,0.8997804254744103,0.8916666666666666,0.8852459016393444,0.8833333333333333,0.9,0.01666666666666672,0.040124228387642666,0.029190299226777135
1.3747494989979958,0.8997907335343085,0.8916666666666666,0.8852459016393444,0.8833333333333333,0.9,0.01666666666666672,0.040124228387642666,0.029190299226777135
1.382765531062124,0.899800557796729,0.8916666666666666,0.8852459016393444,0.8833333333333333,0.9,0.01666666666666672,0.040124228387642666,0.029190299226777135
1.3907815631262523,0.8998099209571105,0.8916666666666666,0.8852459016393444,0.8833333333333333,0.9,0.01666666666666672,0.040124228387642666,0.03212264403914819
1.3987975951903806,0.8998188446472403,0.8916666666666666,0.8852459016393444,0.8833333333333333,0.9,0.01666666666666672,0.040124228387642666,0.03212264403914819
1.4068136272545089,0.8998273494850099,0.8916666666666666,0.8852459016393444,0.8833333333333333,0.9,0.01666666666666672,0.040124228387642666,0.03212264403914819
1.4148296593186371,0.8998354551218525,0.8895161290322581,0.8815165876777251,0.8790322580645161,0.9,0.020967741935483897,0.04539439015910251,0.029267637598511264
1.4228456913827654,0.8998431802879691,0.8895161290322581,0.8815165876777251,0.8790322580645161,0.9,0.020967741935483897,0.04539439015910251,0.029267637598511264
1.4308617234468937,0.899850542835445,0.8895161290322581,0.8815165876777251,0.8790322580645161,0.9,0.020967741935483897,0.04539439015910251,0.029267637598511264
1.438877755511022,0.8998575597793538,0.8895161290322581,0.8815165876777251,0.8790322580645161,0.9,0.020967741935483897,0.04539439015910251,0.029267637598511264
1.4468937875751502,0.8998642473369449,0.8895161290322581,0.8815165876777251,0.8790322580645161,0.9,0.020967741935483897,0.04539439015910251,0.029267637598511264
1.4549098196392785,0.8998706209649997,0.8895161290322581,0.8815165876777251,0.8790322580645161,0.9,0.020967741935483897,0.04539439015910251,0.028729882904540597
1.4629258517034067,0.8998766953954451,0.8895161290322581,0.8815165876777251,0.8790322580645161,0.9,0.020967741935483897,0.04539439015910251,0.028729882904540597
1.470941883767535,0.899882484669303,0.8895161290322581,0.8815165876777251,0.8790322580645161,0.9,0.020967741935483897,0.04539439015910251,0.028729882904540597
1.4789579158316633,0.8998880021690521,0.8895161290322581,0.8815165876777251,0.8790322580645161,0.9,0.020967741935483897,0.04539439015910251,0.028729882904540597
1.4869739478957915,0.8998932606494812,0.8895161290322581,0.8815165876777251,0.8790322580645161,0.9,0.020967741935483897,0.04539439015910251,0.028729882904540597
1.4949899799599193,0.8998982722670957,0.8895161290322581,0.8815165876777251,0.8790322580645161,0.9,0.020967741935483897,0.04539439015910251,0.028729882904540597
1.5030060120240476,0.8999030486081533,0.8895161290322581,0.8815165876777251,0.8790322580645161,0.9,0.020967741935483897,0.04539439015910251,0.028729882904540597
1.5110220440881759,0.8999076007153861,0.8895161290322581,0.8815165876777251,0.8790322580645161,0.9,0.020967741935483897,0.04539439015910251,0.028729882904540597
1.5190380761523041,0.8999119391134742,0.8776595744680851,0.873684210526316,0.8723404255319149,0.8829787234042553,0.010638297872340385,0.03379746399471865,0.028265511024793882
1.5270541082164324,0.8999160738333275,0.8776595744680851,0.873684210526316,0.8723404255319149,0.8829787234042553,0.010638297872340385,0.03379746399471865,0.028265511024793882
1.5350701402805607,0.8999200144352304,0.8776595744680851,0.873684210526316,0.8723404255319149,0.8829787234042553,0.010638297872340385,0.03379746399471865,0.028265511024793882
1.543086172344689,0.8999237700309052,0.8776595744680851,0.873684210526316,0.8723404255319149,0.8829787234042553,0.010638297872340385,0.03379746399471865,0.029121704789409692
1.5511022044088172,0.899927349304541,0.8776595744680851,0.873684210526316,0.8723404255319149,0.8829787234042553,0.010638297872340385,0.03379746399471865,0.029121704789409692
1.5591182364729455,0.8999307605328396,0.8776595744680851,0.873684210526316,0.8723404255319149,0.8829787234042553,0.010638297872340385,0.03379746399471865,0.029121704789409692
1.5671342685370737,0.8999340116041225,0.8776595744680851,0.873684210526316,0.8723404255319149,0.8829787234042553,0.010638297872340385,0.03379746399471865,0.029121704789409692
1.575150300601202,0.8999371100365428,0.8916666666666666,0.8852459016393444,0.8833333333333333,0.9,0.01666666666666672,0.040124228387642666,0.03148860055340389
1.5831663326653302,0.8999400629954443,0.8916666666666666,0.8852459016393444,0.8833333333333333,0.9,0.01666666666666672,0.040124228387642666,0.029190299226777135
1.5911823647294585,0.8999428773099085,0.8916666666666666,0.8852459016393444,0.8833333333333333,0.9,0.01666666666666672,0.040124228387642666,0.029190299226777135
1.5991983967935868,0.8999455594885256,0.7982456140350878,0.793103448275862,0.7894736842105263,0.8070175438596491,0.01754385964912275,0.05315478122259211,0.05122547123359743
1.607214428857715,0.8999481157344266,0.7982456140350878,0.793103448275862,0.7894736842105263,0.8070175438596491,0.01754385964912275,0.05315478122259211,0.05122547123359743
1.6152304609218433,0.8999505519596108,0.8739217941345601,0.8672691330132732,0.8648648648648649,0.8829787234042553,0.018113858539390404,0.04467471400325132,0.03482098973738761
1.6232464929859716,0.8999528737986044,0.8739217941345601,0.8672691330132732,0.8648648648648649,0.8829787234042553,0.018113858539390404,0.04467471400325132,0.03482098973738761
1.6312625250500998,0.8999550866214755,0.8739217941345601,0.8672691330132732,0.8648648648648649,0.8829787234042553,0.018113858539390404,0.04467471400325132,0.03482098973738761
1.639278557114228,0.899957195546241,0.8776595744680851,0.873684210526316,0.8723404255319149,0.8829787234042553,0.010638297872340385,0.03379746399471865,0.028143595216110335
1.6472945891783564,0.899959205450692,0.8776595744680851,0.873684210526316,0.8723404255319149,0.8829787234042553,0.010638297872340385,0.03379746399471865,0.028143595216110335
1.6553106212424846,0.8999611209836651,0.7982456140350878,0.793103448275862,0.7894736842105263,0.8070175438596491,0.01754385964912275,0.05315478122259211,0.04839902324912067
1.663326653306613,0.899962946575784,0.7982456140350878,0.793103448275862,0.7894736842105263,0.8070175438596491,0.01754385964912275,0.05315478122259211,0.04839902324912067
1.6713426853707412,0.8999646864496985,0.7982456140350878,0.793103448275862,0.7894736842105263,0.8070175438596491,0.01754385964912275,0.05315478122259211,0.04839902324912067
1.6793587174348694,0.8999663446298442,0.7982456140350878,0.793103448275862,0.7894736842105263,0.8070175438596491,0.01754385964912275,0.05315478122259211,0.04839902324912067
1.6873747494989977,0.8999679249517419,0.7982456140350878,0.793103448275862,0.7894736842105263,0.8070175438596491,0.01754385964912275,0.05315478122259211,0.04839902324912067
1.695390781563126,0.8999694310708642,0.8776595744680851,0.873684210526316,0.8723404255319149,0.8829787234042553,0.010638297872340385,0.03379746399471865,0.02887877286435792
1.7034068136272542,0.8999708664710846,0.8776595744680851,0.873684210526316,0.8723404255319149,0.8829787234042553,0.010638297872340385,0.03379746399471865,0.02887877286435792
1.7114228456913825,0.8999722344727294,0.8776595744680851,0.873684210526316,0.8723404255319149,0.8829787234042553,0.010638297872340385,0.03379746399471865,0.02835607362674152
1.7194388777555107,0.8999735382402541,0.8776595744680851,0.873684210526316,0.8723404255319149,0.8829787234042553,0.010638297872340385,0.03379746399471865,0.02835607362674152
1.727454909819639,0.8999747807895582,0.8776595744680851,0.873684210526316,0.8723404255319149,0.8829787234042553,0.010638297872340385,0.03379746399471865,0.02835607362674152
1.7354709418837673,0.8999759649949576,0.8776595744680851,0.873684210526316,0.8723404255319149,0.8829787234042553,0.010638297872340385,0.03379746399471865,0.02835607362674152
1.7434869739478955,0.8999770935958299,0.8776595744680851,0.873684210526316,0.8723404255319149,0.8829787234042553,0.010638297872340385,0.03379746399471865,0.028813753993261547
1.7515030060120238,0.899978169202947,0.8776595744680851,0.873684210526316,0.8723404255319149,0.8829787234042553,0.010638297872340385,0.03379746399471865,0.028773271202256073
1.759519038076152,0.8999791943045127,0.8776595744680851,0.873684210526316,0.8723404255319149,0.8829787234042553,0.010638297872340385,0.03379746399471865,0.028773271202256073
1.7675350701402803,0.8999801712719137,0.8776595744680851,0.873684210526316,0.8723404255319149,0.8829787234042553,0.010638297872340385,0.03379746399471865,0.028773271202256073
1.7755511022044086,0.8999811023652052,0.8776595744680851,0.873684210526316,0.8723404255319149,0.8829787234042553,0.010638297872340385,0.03379746399471865,0.028773271202256073
1.7835671342685369,0.8999819897383351,0.8776595744680851,0.873684210526316,0.8723404255319149,0.8829787234042553,0.010638297872340385,0.03379746399471865,0.028773271202256073
1.7915831663326651,0.8999828354441246,0.8776595744680851,0.873684210526316,0.8723404255319149,0.8829787234042553,0.010638297872340385,0.03379746399471865,0.028313317505542886
1.7995991983967934,0.8999836414390165,0.8776595744680851,0.873684210526316,0.8723404255319149,0.8829787234042553,0.010638297872340385,0.03379746399471865,0.028313317505542886
1.8076152304609217,0.8999844095875984,0.8776595744680851,0.873684210526316,0.8723404255319149,0.8829787234042553,0.010638297872340385,0.03379746399471865,0.028533386931106346
1.81563126252505,0.8999851416669143,0.8776595744680851,0.873684210526316,0.8723404255319149,0.8829787234042553,0.010638297872340385,0.03379746399471865,0.028533386931106346
1.8236472945891782,0.8999858393705754,0.8893939393939394,0.8813056379821959,0.8787878787878788,0.9,0.021212121212121238,0.04568026295308823,0.02632428439770891
1.8316633266533064,0.8999865043126752,0.8893939393939394,0.8813056379821959,0.8787878787878788,0.9,0.021212121212121238,0.04568026295308823,0.02632428439770891
1.8396793587174347,0.8999871380315242,0.8733075435203095,0.8662239089184061,0.8636363636363636,0.8829787234042553,0.01934235976789167,0.04626086112229485,0.037199818919648464
1.847695390781563,0.8999877419932057,0.8733075435203095,0.8662239089184061,0.8636363636363636,0.8829787234042553,0.01934235976789167,0.04626086112229485,0.037199818919648464
1.8557114228456912,0.8999883175949681,0.8733075435203095,0.8662239089184061,0.8636363636363636,0.8829787234042553,0.01934235976789167,0.04626086112229485,0.037199818919648464
1.8637274549098195,0.8999888661684557,0.8733075435203095,0.8662239089184061,0.8636363636363636,0.8829787234042553,0.01934235976789167,0.04626086112229485,0.037199818919648464
1.8717434869739478,0.8999893889827882,0.8733075435203095,0.8662239089184061,0.8636363636363636,0.8829787234042553,0.01934235976789167,0.04626086112229485,0.037199818919648464
1.879759519038076,0.8999898872474977,0.7982456140350878,0.793103448275862,0.7894736842105263,0.8070175438596491,0.01754385964912275,0.05315478122259211,0.05352259452065705
1.8877755511022043,0.8999903621153239,0.8733075435203095,0.8662239089184061,0.8636363636363636,0.8829787234042553,0.01934235976789167,0.04626086112229485,0.03778482606902557
1.8957915831663326,0.8999908146848823,0.8733075435203095,0.8662239089184061,0.8636363636363636,0.8829787234042553,0.01934235976789167,0.04626086112229485,0.03778482606902557
1.9038076152304604,0.8999912460032045,0.8733075435203095,0.8662239089184061,0.8636363636363636,0.8829787234042553,0.01934235976789167,0.04626086112229485,0.03778482606902557
1.9118236472945886,0.89999165706816,0.8776595744680851,0.873684210526316,0.8723404255319149,0.8829787234042553,0.010638297872340385,0.03379746399471865,0.029001120485353978
1.919839679358717,0.8999920488307648,0.8776595744680851,0.873684210526316,0.8723404255319149,0.8829787234042553,0.010638297872340385,0.03379746399471865,0.029001120485353978
1.9278557114228452,0.89999242219738,0.8895161290322581,0.8815165876777251,0.8790322580645161,0.9,0.020967741935483897,0.04539439015910251,0.026560442964247477
1.9358717434869734,0.8999927780318102,0.8895161290322581,0.8815165876777251,0.8790322580645161,0.9,0.020967741935483897,0.04539439015910251,0.026560442964247477
1.9438877755511017,0.8999931171573,0.8916666666666666,0.8852459016393444,0.8833333333333333,0.9,0.01666666666666672,0.040124228387642666,0.03182721442460542
1.95190380761523,0.899993440358439,0.8776595744680851,0.873684210526316,0.8723404255319149,0.8829787234042553,0.010638297872340385,0.03379746399471865,0.02867152706679417
1.9599198396793582,0.8999937483829767,0.8776595744680851,0.873684210526316,0.8723404255319149,0.8829787234042553,0.010638297872340385,0.03379746399471865,0.02867152706679417
1.9679358717434865,0.8999940419435518,0.8645662847790507,0.8516179952644041,0.8461538461538461,0.8829787234042553,0.03682487725040917,0.06566488647644186,0.03760705762561069
1.9759519038076148,0.8999943217193417,0.8739217941345601,0.8672691330132732,0.8648648648648649,0.8829787234042553,0.018113858539390404,0.04467471400325132,0.034904789668712834
1.983967935871743,0.8999945883576319,0.8739217941345601,0.8672691330132732,0.8648648648648649,0.8829787234042553,0.018113858539390404,0.04467471400325132,0.034904789668712834
1.9919839679358713,0.8999948424753155,0.8739217941345601,0.8672691330132732,0.8648648648648649,0.8829787234042553,0.018113858539390404,0.04467471400325132,0.034904789668712834
2.0,0.8999950846603183,0.8739217941345601,0.8672691330132732,0.8648648648648649,0.8829787234042553,0.018113858539390404,0.04467471400325132,0.034904789668712834
